Thu Sep 30 15:19:45 2021,1,烈士
Thu Sep 30 15:19:45 2021,2,东部战区
Thu Sep 30 15:19:45 2021,3,北京冬奥会
Thu Sep 30 15:19:45 2021,4,派出所
Thu Sep 30 15:19:45 2021,5,S11垃圾话
Thu Sep 30 15:19:45 2021,6,C罗
Thu Sep 30 15:19:45 2021,7,长津湖
Thu Sep 30 15:19:45 2021,8,蜜雪冰城
Thu Sep 30 15:19:45 2021,9,医美
Thu Sep 30 15:19:45 2021,10,结婚防坑
Thu Sep 30 15:19:45 2021,11,肯德基
Thu Sep 30 15:19:45 2021,12,孟晚舟
Thu Sep 30 15:19:45 2021,13,迪迦奥特曼
Thu Sep 30 15:19:45 2021,14,原神生日会
Thu Sep 30 15:19:45 2021,15,鱿鱼游戏
Thu Sep 30 15:19:45 2021,16,认识的哥哥
Thu Sep 30 15:19:45 2021,17,三代鹿人
Thu Sep 30 15:19:45 2021,18,原神熟肉
Thu Sep 30 15:19:45 2021,19,歼20
Thu Sep 30 15:19:45 2021,20,TF家族
